,token,level_1,2xx_ratio,3xx_ratio,4xx_ratio,abnormal_referrer_ratio,abnormal_useragent_ratio,batch_arrival_std,data_volume_trans2client,image2page_ratio,mean_time_per_page,robots_accessed,session_duration,session_length,text2page_ratio
0,,0,0.9333333333333333,0.06666666666666667,0.0,0.06666666666666667,0.9333333333333333,6.221503442495771,362849,0.06666666666666667,2.4555029392242433,0,36.83254408836365,15,0.26666666666666666
1,62rtsju4nncm06tufplooubjbi,0,1.0,0.0,0.0,0.125,0.0,9.4223577354529,172357,0.5833333333333334,1.9153988758722942,0,45.96957302093506,24,0.25
2,o4osdu2ktunp1mflgm73homm4b,0,0.0931098696461825,0.9050279329608939,0.0,0.0111731843575419,1.0,2.200689165923743,2112312,0.055865921787709494,1.1905354805276824,1,639.3175530433655,537,0.9422718808193669
